chr	WtMean2	MutMean2	Mean.fold.mut.by.wt	WtMedian2	MutMedian2	Median.fold.mut.by.wt	p
Chr1	2185.09184393086	2189.95671867845	1.00222639371480	527.930199674835	530.948364130016	1.00571697632952	0.877682025461337
ChrR	1857.64332014288	1903.95952770712	1.02493277749395	521.937689050212	534.868869403258	1.02477533357780	0.0606138591578445
Chr2	1891.61189180449	1838.70164499741	0.972029015552124	493.554269637594	501.5502209341	1.01620075397661	0.0885412420136513
Chr3	2129.64946463993	2126.61723424030	0.998576183334402	518.6265705453	519.330727623636	1.00135773428962	0.946105626330671
Chr4	1780.96892887815	1991.08486179090	1.11797843831285	466.954351300069	548.67912270269	1.17501661816639	2.37307807433398e-08
Chr5	1810.80402310953	1387.98124229838	0.766499977128902	469.011564017866	322.00278299716	0.68655616982803	6.70302640380007e-20
Chr6	1485.49619852195	1517.65905409913	1.02165125404507	448.748651424797	458.0596375969	1.02074877805769	0.301325040530020
Chr7	1630.35516769234	1805.36772382577	1.10734627619891	468.878647214854	541.208669904353	1.15426171167986	7.9764914846008e-06
