chr	meanfold.sor55.by.wt	medianfold.sor55.by.wt
Chr1	1.10020531983661	1.04761825720226
ChrR	1.08550761476869	1.05013602943674
Chr2	1.08529348209452	1.03459991889780
Chr3	1.07471345798488	1.00519308847529
Chr4	1.27098216206348	1.18519303961534
Chr5	1.18772269830647	0.754176662121309
Chr6	1.08619996060150	1.03311010567867
Chr7	1.73086828724186	1.11447986568519
