"","orf","chr","gene","geneflag","WtMean","MutMean","WtMean2","MutMean2","fold.mut.by.wt","p","p.paired","chr.combimatrix","start","end","strand","chr2","loc","sd.wt","sd.mut","sd.mut.vs.wt.ratio"
"857","orf19.632",NA,"","1",353.989175940514,458.175465049671,343.534616494894,279.606506060772,0.813910717102153,0.403548710708321,0.324731598843689,"ChrR",NA,NA,NA,NA,NA,135.203307955314,86.8291997050618,0.42300634090927
"2835","orf19.3207","Chr5","CCN1(CLN1)/CCN1/CLN1","1",360.666895465897,433.464921975584,345.928081315477,258.002130839824,0.745825923870381,0.285951657345242,0.222075045432405,"Chr5",379761,377680,"C","5",378720.5,159.802142607487,93.2049029017999,0.46516822605922
"6122","orf19.262","Chr3","SMC3","1",336.557042750555,458.297062699853,314.543723934588,265.399721264588,0.843760981604515,0.502132879720615,0.360090614758427,"Chr3",583244,586950,"W","3",585097,138.443738070683,110.203763985210,0.458951809049029
"6151","orf19.4002","Chr5","DUN1","1",334.442325281595,400.305218173639,327.945245096673,251.633951693786,0.767304772537892,0.389905230919163,0.352527060265628,"Chr5",1124656,1122968,"C","5",1123812,145.355575150032,58.1192086386137,0.471394954816341
"6223","orf19.5008.1","Chr1","","1",375.641459971768,607.15302436501,373.255951368021,375.581573251482,1.00623063577402,0.863332764089126,0.86030107778902,"Chr1",3013862,3013563,"C","1",3013712.5,127.429905035673,44.5420580809281,0.38585380181532
"6262","orf19.3088","Chr4","","1",368.210076473234,851.77409372237,365.219970223813,498.298952300233,1.36438035410513,0.288688178534301,0.147624027407507,"Chr4",1584040,1584579,"W","4",1584309.5,120.726677505977,156.005322506808,0.331234041450159
"6268","orf19.3600","Chr2","","1",335.331122900088,543.593803243516,326.898912265456,331.467759194876,1.01397632955631,0.836844184639642,0.831457352111656,"Chr2",1778981,1779682,"W","2",1779331.5,120.567795471176,50.9103427804945,0.491664148629465
"6373","orf19.3931ASU53",NA,"ASU53","1",434.489839901478,372.167574107683,208.550694572898,376.987653167697,1.3256803048415,0.235638091760569,0.235392605982325,"Chr5",NA,NA,NA,NA,NA,409.405673751093,284.02910086831,0.0289922360159313
