chr	meanfold.sor55.by.wt	medianfold.sor55.by.wt	p.paired	gene.num
Chr1	1.04896592073063	1.02811825655675	2.73291599075844e-06	1346
ChrR	1.04242151310459	1.02629439131558	0.00255191614390536	966
Chr2	1.04274270896089	1.02384653919203	0.00110313637748006	987
Chr3	1.03934062288729	1.00149223436374	0.0191833737309016	745
Chr4	1.14878606742900	1.10481655234966	1.17104476337384e-28	661
Chr5	0.857370051085887	0.845682099692433	1.26411654105427e-45	507
Chr6	1.03092708464588	1.01573951813206	0.315525413386309	431
Chr7	1.12437577887331	1.05907546750711	4.37163761096819e-12	406
