chr	meanfold.sor55.by.wt	medianfold.sor55.by.wt	p.paired	gene.num	gene.num.above.bgrd
Chr1	1.0487494752749	1.02811825655675	2.10404491348665e-06	1346	1292
ChrR	1.04441719415119	1.03090224067099	0.00129152278143607	966	927
Chr2	1.04237948761	1.02336456405045	0.000799721169084407	987	944
Chr3	1.04063717985447	1.00831231044258	0.0173581633813111	745	719
Chr4	1.15340362782338	1.10984783982199	6.57716979089796e-29	661	634
Chr5	0.853141640864729	0.832996021915769	6.96585716413e-47	507	470
Chr6	1.03085520501251	1.01594451938341	0.283504626546282	431	410
Chr7	1.12497380583553	1.05919627292352	2.69568380356067e-12	406	385
