chr	WtMean	MutMean	fold.mut.by.wt	p
Chr1	2460.44871246236	2430.6013427341	0.987869135586092	0.333285767386217
Chr2	2169.92978528016	2077.61130258184	0.957455543803965	0.00262745133091804
Chr3	2405.48183947379	2367.23018685387	0.984098132859616	0.385788876047278
Chr4	2060.31824746909	2229.46371298423	1.08209676622673	4.92690650900929e-06
Chr5	2089.83610584407	1625.82800416329	0.777969142947038	4.29796342036727e-25
Chr6	1767.58359507553	1751.62951786577	0.990974074858917	0.599655074163201
Chr7	1911.27546205566	2041.86753323560	1.06832718452812	0.000703185941971577
ChrR	2136.47564755167	2142.90306314492	1.00300841977798	0.792878607512593
