chr	WtMean	MutMean	fold.mut.by.wt	p
Chr1	2212.1711687719	2880.35289985039	1.30204793395324	2.0950834257273e-85
Chr2	1958.84040454324	2477.95843118772	1.26501292572916	5.14545106932445e-50
Chr3	2164.71769300604	2813.05093591108	1.29950013574506	4.43707292918967e-37
Chr4	1861.99819396278	2661.90819017304	1.42959762195465	3.78320558269831e-69
Chr5	1872.06714908965	1888.37387030277	1.00871054289963	0.665028413447101
Chr6	1591.82690838838	2084.12828049936	1.30926815567492	3.15074876674318e-33
Chr7	1719.47872192578	2428.37124969239	1.41227176511534	3.57155588919893e-43
ChrR	1917.26666659880	2545.47012854582	1.32765575748596	3.17611409346312e-70
