"","orf","chr","gene","geneflag","WtMean","MutMean","WtMean2","MutMean2","fold.mut.by.wt","p","p.paired","chr.combimatrix","start","end","strand","chr2","loc"
"2634","orf19.6659","Chr5","GAP5","1",2133.85626692148,6294.11906529866,2985.25866344877,4951.13234964826,1.65852708519683,0.356610737973323,0.00745111765897993,"Chr5",785608,787314,"W","5",786461
"3489","orf19.3934","Chr5","CAR1","1",1032.62690213598,2617.37254400923,1306.59913603396,2148.16965429651,1.64409235782678,0.612070318095245,0.393585785158149,"Chr5",982855,981902,"C","5",982378.5
"5274","orf19.4304","Chr5","GAP1","1",378.234195402299,900.474121997706,412.683430111147,673.240961647184,1.63137386317125,0.309019379401388,0.149244289515466,"Chr5",627859,626111,"C","5",626985
