orf	chr	gene	geneflag	WtMean	MutMean	WtMean2	MutMean2	fold.mut.by.wt	p	p.paired
orf19.2356	Chr6	CRZ2	1	12238.0768300060	12069.1845731149	14760.9158983090	7017.47303117546	0.475409051817672	0.0564106874733043	0.00976531541338902
orf19.3197	Chr5	PAPa(PAP1)/PAP1	1	1039.56976319533	659.325465243569	1190.08754822736	438.512544740693	0.368470828380535	0.0008748186441131	0.00349643611576424
orf19.2397.3	ChrR	TNA1	1	9950.7665699033	5459.05381089217	11865.8108828328	3346.96645421411	0.282068076700635	0.0102524084495971	0.00481195021779599
orf19.2593	ChrR	BIO2	1	3299.18680986285	2702.13256006949	3834.17517391741	1573.37085435951	0.410354452520224	0.0224408902787548	0.00672517241907477
orf19.3198	Chr5	OBPa/OBPA	1	1446.90454418540	281.994402867248	1688.26104751871	181.025402268700	0.107225954501977	0.0072763711373268	0.0054759164984854
