chr	meanfold.sor55.by.wt	medianfold.sor55.by.wt	p.paired
Chr1	1.05188714929208	1.03316204745288	1.66179922296560e-09
ChrR	1.04029741929306	1.02587101136866	0.00225369356859599
Chr2	1.03683094268108	1.01705689879077	0.00145217108523215
Chr3	1.03575116991283	0.99873637095151	0.0327963460544150
Chr4	1.1414292615559	1.10109913964871	4.74296393583422e-30
Chr5	0.867885008871048	0.852054967130831	1.10656919625557e-41
Chr6	1.03104982647356	1.01632268604215	0.153577590483129
Chr7	1.11847279559369	1.05594456766554	4.14913670175755e-13
