chr	meanfold.sor55.by.wt	medianfold.sor55.by.wt
Chr1	1.05496740244498	1.03800350592101
ChrR	1.04316334378226	1.02845031272358
Chr2	1.03993288834538	1.02262164225417
Chr3	1.03865726780933	1.00674861266345
Chr4	1.14436087522708	1.10527712279882
Chr5	0.872955834833635	0.856232312983356
Chr6	1.03626885497890	1.02017944335738
Chr7	1.12209366428032	1.06446511760674
