chr	meanfold.sor55.by.wt	medianfold.sor55.by.wt
Chr1	1.30462929787545	1.06057752283278
ChrR	1.20881449497616	1.04478172541892
Chr2	1.20472051252684	1.03314444536100
Chr3	1.10591968760294	1.00228610036841
Chr4	1.43363635947655	1.16809671317888
Chr5	0.91138065911359	0.765987092436872
Chr6	1.25113300327146	1.03444327340620
Chr7	1.55861108938284	1.11447986568519
