orf	chr	gene	WtMean	MutMean	fold.mut.by.wt	p	p.paired
orf19.2593	ChrR	BIO2	3401.73628218734	1605.16740860918	0.471867092406426	0.028416667576401	0.00915383345018214
orf19.385	Chr1	GCV2	1782.78795648249	840.688172325605	0.471558139748887	0.00240442078367301	0.00594772652201722
