chr	WtMean	MutMean	fold.mut.by.wt	p
Chr1	2453.92535665655	2468.94849874188	1.00612208600583	0.625312267987712
Chr2	2164.40337047012	2110.55520834025	0.975121013548332	0.0766676837528974
Chr3	2399.16427295418	2404.72142863792	1.00231628811182	0.899707038565164
Chr4	2055.13362286722	2265.78167807637	1.10249847156666	1.32183359555494e-08
Chr5	2084.08717436856	1647.85098800668	0.790682370811073	3.82671392569306e-23
Chr6	1762.97038368132	1779.94694683135	1.00962952259843	0.580873477958214
Chr7	1906.22817805933	2074.79365179147	1.08842880179421	1.51210781858253e-05
